{
    "a":          { "attributes": ["href", "hreflang", "media", "rel", "target", "type", "ng-blur", "ng-copy",  "ng-cut", "data-ng-blur", "data-ng-copy",  "data-ng-cut", "ng-href", "data-ng-href"] },
    "abbr":       { "attributes": [] },
    "acronym":    { "attributes": [] },
    "address":    { "attributes": [] },
    "area":       { "attributes": ["alt", "coords", "href", "hreflang", "media", "rel", "shape", "target", "type"] },
    "article":    { "attributes": [] },
    "aside":      { "attributes": [] },
    "audio":      { "attributes": ["autoplay", "buffered", "controls", "loop", "mediagroup", "muted", "played", "preload", "src"] },
    "b":          { "attributes": [] },
    "base":       { "attributes": ["href", "target"] },
    "bdi":        { "attributes": [] },
    "bdo":        { "attributes": [] },
    "big":        { "attributes": [] },
    "blockquote": { "attributes": ["cite"] },
    "body":       { "attributes": ["onafterprint", "onbeforeprint", "onbeforeunload", "onhashchange", "onmessage", "onoffline", "ononline",
                                   "onpagehide", "onpageshow", "onpopstate", "onredo", "onresize", "onstorage", "onundo", "onunload", "ng-app", "ng-controller", "ng-csp", "data-ng-app", "data-ng-controller", "data-ng-csp"] },
    "br":         { "attributes": [] },
    "button":     { "attributes": ["autofocus", "disabled", "form", "formaction", "formenctype", "formmethod", "formnovalidate", "formtarget",
                                   "name", "type", "value"] },
    "canvas":     { "attributes": ["height", "width"] },
    "caption":    { "attributes": [] },
    "center":     { "attributes": [] },
    "cite":       { "attributes": [] },
    "code":       { "attributes": [] },
    "col":        { "attributes": ["span"] },
    "colgroup":   { "attributes": ["span"] },
    "command":    { "attributes": ["checked", "disabled", "icon", "label", "radiogroup", "type"] },
    "content":    { "attributes": [] },
    "datalist":   { "attributes": [] },
    "dd":         { "attributes": [] },
    "del":        { "attributes": ["cite", "datetime"] },
    "details":    { "attributes": ["open", "ng-open", "data-ng-open"] },
    "dfn":        { "attributes": [] },
    "dialog":     { "attributes": ["open", "ng-open", "data-ng-open"] },
    "div":        { "attributes": ["ng-app"] },
    "dl":         { "attributes": [] },
    "dt":         { "attributes": [] },
    "em":         { "attributes": [] },
    "embed":      { "attributes": ["height", "src", "type", "width"] },
    "fieldset":   { "attributes": ["disabled", "form", "name"] },
    "figcaption": { "attributes": [] },
    "figure":     { "attributes": [] },
    "footer":     { "attributes": [] },
    "form":       { "attributes": ["accept-charset", "action", "autocomplete", "enctype", "method", "name", "novalidate", "target", "ng-submit", "data-ng-submit"] },
    "frame":      { "attributes": ["frameborder", "name", "scrolling", "src"] },
    "frameset":   { "attributes": ["rows"] },
    "h1":         { "attributes": [] },
    "h2":         { "attributes": [] },
    "h3":         { "attributes": [] },
    "h4":         { "attributes": [] },
    "h5":         { "attributes": [] },
    "h6":         { "attributes": [] },
    "head":       { "attributes": [] },
    "header":     { "attributes": [] },
    "hgroup":     { "attributes": [] },
    "hr":         { "attributes": [] },
    "html":       { "attributes": ["manifest", "xml:lang", "xmlns", "ng-app", "ng-controller", "ng-csp", "data-ng-app", "data-ng-controller", "data-ng-csp"] },
    "i":          { "attributes": [] },
    "iframe":     { "attributes": ["frameborder", "height", "name", "sandbox", "scrolling", "seamless", "src", "srcdoc", "width"] },
    "ilayer":     { "attributes": [] },
    "img":        { "attributes": ["alt", "height", "ismap", "longdesc", "src", "srcset", "usemap", "width", "ng-src", "ng-srcset", "data-ng-src", "data-ng-srcset"] },
    "input":      { "attributes": ["accept", "alt", "autocomplete", "autocorrect", "autofocus", "checked", "dirname", "disabled", "form", "formaction", "formenctype", "formmethod",
                                   "formnovalidate", "formtarget", "height", "inputmode", "list", "max", "maxlength", "min", "multiple", "name", "pattern", "placeholder", "readonly",
                                   "required", "size", "src", "step", "type", "value", "width", "ng-required", "ng-minlength", "ng-maxlength", "ng-pattern", "ng-change", "ng-trim", "ng-value", "ng-disabled", "ng-blur", "ng-copy",  "ng-cut",  "ng-model", "ng-list",  "ng-readonly", "ng-value", "data-ng-required", "data-ng-minlength", "data-ng-maxlength", "data-ng-pattern", "data-ng-change", "data-ng-trim", "data-ng-value", "data-ng-disabled", "data-ng-blur", "data-ng-copy",  "data-ng-cut",  "data-ng-model", "data-ng-list",  "data-ng-readonly", "data-ng-value"] },
    "ins":        { "attributes": ["cite", "datetime"] },
    "kbd":        { "attributes": [] },
    "keygen":     { "attributes": ["autofocus", "challenge", "disabled", "form", "keytype", "name"] },
    "label":      { "attributes": ["for", "form"] },
    "legend":     { "attributes": [] },
    "li":         { "attributes": ["value"] },
    "link":       { "attributes": ["disabled", "href", "hreflang", "media", "rel", "sizes", "type"] },
    "main":       { "attributes": [] },
    "map":        { "attributes": ["name"] },
    "mark":       { "attributes": [] },
    "marquee":    { "attributes": ["align", "behavior", "bgcolor", "direction", "height", "hspace", "loop", "scrollamount", "scrolldelay", "truespeed", "vspace", "width"] },
    "menu":       { "attributes": ["label", "type"] },
    "meta":       { "attributes": ["charset", "content", "http-equiv", "name", "property"] },
    "meter":      { "attributes": ["form", "high", "low", "max", "min", "optimum", "value"] },
    "nav":        { "attributes": [] },
    "noscript":   { "attributes": [] },
    "object":     { "attributes": ["archive", "codebase", "codetype", "data", "declare", "form", "height", "name", "standby", "type", "usemap", "width"] },
    "ol":         { "attributes": ["reversed", "start", "type"] },
    "optgroup":   { "attributes": ["disabled", "label"] },
    "option":     { "attributes": ["disabled", "label", "selected", "value", "ng-selected", "data-ng-selected"] },
    "output":     { "attributes": ["for", "form", "name"] },
    "p":          { "attributes": [] },
    "param":      { "attributes": ["name", "value"] },
    "picture":    { "attributes": [] },
    "pre":        { "attributes": [] },
    "progress":   { "attributes": ["form", "max", "value"] },
    "q":          { "attributes": ["cite"] },
    "rp":         { "attributes": [] },
    "rt":         { "attributes": [] },
    "ruby":       { "attributes": [] },
    "samp":       { "attributes": [] },
    "script":     { "attributes": ["async", "charset", "defer", "src", "type"] },
    "section":    { "attributes": [] },
    "select":     { "attributes": ["autofocus", "disabled", "form", "multiple", "name", "required", "size", "ng-blur", "ng-copy",  "ng-cut",  "ng-model", "ng-options", "data-ng-blur", "data-ng-copy",  "data-ng-cut",  "data-ng-model", "data-ng-options"] },
    "small":      { "attributes": [] },
    "source":     { "attributes": ["media", "sizes", "src", "type", "srcset"] },
    "span":       { "attributes": [] },
    "strong":     { "attributes": [] },
    "style":      { "attributes": ["disabled", "media", "scoped", "type"] },
    "sub":        { "attributes": [] },
    "summary":    { "attributes": [] },
    "sup":        { "attributes": [] },
    "table":      { "attributes": ["border", "cellpadding", "cellspacing", "height", "width"] },
    "tbody":      { "attributes": [] },
    "td":         { "attributes": ["colspan", "headers", "rowspan"] },
    "template":   { "attributes": [] },
    "textarea":   { "attributes": ["autocomplete", "autofocus", "cols", "dirname", "disabled", "form", "label", "maxlength", "name", "placeholder", "readonly", "required", "rows", "spellcheck", "wrap", "ng-blur", "ng-copy",  "ng-cut",  "ng-model", "ng-list",  "ng-readonly", "ng-value", "data-ng-blur", "data-ng-copy",  "data-ng-cut",  "data-ng-model", "data-ng-list",  "data-ng-readonly", "data-ng-value"] },
    "tfoot":      { "attributes": [] },
    "th":         { "attributes": ["colspan", "headers", "rowspan", "scope"] },
    "thead":      { "attributes": [] },
    "time":       { "attributes": ["datetime", "pubdate"] },
    "title":      { "attributes": [] },
    "tr":         { "attributes": [] },
    "track":      { "attributes": ["default", "kind", "label", "src", "srclang"] },
    "tt":         { "attributes": [] },
    "ul":         { "attributes": [] },
    "var":        { "attributes": [] },
    "video":      { "attributes": ["autoplay", "buffered", "controls", "crossorigin", "height", "loop", "mediagroup", "muted", "poster", "preload", "src", "width"] },
    "wbr":        { "attributes": [] },
    "ng-pluralize":   { "attributes": ["count", "when", "offset"] },
    "ng-transclude":  { "attributes": [] },
    "ng-include":     { "attributes": ["src"] },
    "ng-view":        { "attributes": [] }
}
