{
    "requireCurlyBraces": [
        "if",
        "else",
        "for",
        "while",
        "do",
        "try",
        "catch"
    ],
    "requireOperatorBeforeLineBreak": true,
    "requireCamelCaseOrUpperCaseIdentifiers": true,
    "validateIndentation": 4,
    "validateQuoteMarks": "\"",

    "disallowMultipleLineStrings": true,
    "disallowMixedSpacesAndTabs": true,
    "disallowTrailingWhitespace": true,
    "disallowSpaceAfterPrefixUnaryOperators": true,
    "disallowKeywordsOnNewLine": ["else"],

    "requireSpaceAfterKeywords": [
      "if",
      "else",
      "for",
      "while",
      "do",
      "switch",
      "return",
      "try",
      "catch",
      "function"
    ],
    "requireSpaceBeforeBinaryOperators": [
        "=", "+=", "-=", "*=", "/=", "%=", "<<=", ">>=", ">>>=",
        "&=", "|=", "^=", "+=",

        "+", "-", "*", "/", "%", "<<", ">>", ">>>", "&",
        "|", "^", "&&", "||", "===", "==", ">=",
        "<=", "<", ">", "!=", "!=="
    ],
    "requireSpaceAfterBinaryOperators": true,
    "requireSpacesInConditionalExpression": true,
    "requireSpaceBeforeBlockStatements": true,
    "requireSpacesInForStatement": true,
    "requireLineFeedAtFileEnd": true,
    "requireSpaceBeforeObjectValues": true,
    "requireSpacesInFunction": {
        "beforeOpeningCurlyBrace": true
    },
    "requireSpacesInFunctionExpression": {
        "beforeOpeningRoundBrace": true,
        "beforeOpeningCurlyBrace": true
    },
    "disallowSpacesInsideArrayBrackets": "all",
    "disallowSpacesInsideParentheses": true,

    "disallowMultipleLineBreaks": true,
    "disallowNewlineBeforeBlockStatements": true
}
